Chemical_Name,standardized_smi,label,MaxAbsEStateIndex,MaxEStateIndex,MinAbsEStateIndex,MinEStateIndex,qed,SPS,MolWt,HeavyAtomMolWt,ExactMolWt,NumValenceElectrons,NumRadicalElectrons,MaxPartialCharge,MinPartialCharge,MaxAbsPartialCharge,MinAbsPartialCharge,FpDensityMorgan1,FpDensityMorgan2,FpDensityMorgan3,BCUT2D_MWHI,BCUT2D_MWLOW,BCUT2D_CHGHI,BCUT2D_CHGLO,BCUT2D_LOGPHI,BCUT2D_LOGPLOW,BCUT2D_MRHI,BCUT2D_MRLOW,AvgIpc,BalabanJ,BertzCT,Chi0,Chi0n,Chi0v,Chi1,Chi1n,Chi1v,Chi2n,Chi2v,Chi3n,Chi3v,Chi4n,Chi4v,HallKierAlpha,Ipc,Kappa1,Kappa2,Kappa3,LabuteASA,PEOE_VSA1,PEOE_VSA10,PEOE_VSA11,PEOE_VSA12,PEOE_VSA13,PEOE_VSA14,PEOE_VSA2,PEOE_VSA3,PEOE_VSA4,PEOE_VSA5,PEOE_VSA6,PEOE_VSA7,PEOE_VSA8,PEOE_VSA9,SMR_VSA1,SMR_VSA10,SMR_VSA2,SMR_VSA3,SMR_VSA4,SMR_VSA5,SMR_VSA6,SMR_VSA7,SMR_VSA8,SMR_VSA9,SlogP_VSA1,SlogP_VSA10,SlogP_VSA11,SlogP_VSA12,SlogP_VSA2,SlogP_VSA3,SlogP_VSA4,SlogP_VSA5,SlogP_VSA6,SlogP_VSA7,SlogP_VSA8,SlogP_VSA9,TPSA,EState_VSA1,EState_VSA10,EState_VSA11,EState_VSA2,EState_VSA3,EState_VSA4,EState_VSA5,EState_VSA6,EState_VSA7,EState_VSA8,EState_VSA9,VSA_EState1,VSA_EState10,VSA_EState2,VSA_EState3,VSA_EState4,VSA_EState5,VSA_EState6,VSA_EState7,VSA_EState8,VSA_EState9,FractionCSP3,HeavyAtomCount,NHOHCount,NOCount,NumAliphaticCarbocycles,NumAliphaticHeterocycles,NumAliphaticRings,NumAmideBonds,NumAromaticCarbocycles,NumAromaticHeterocycles,NumAromaticRings,NumAtomStereoCenters,NumBridgeheadAtoms,NumHAcceptors,NumHDonors,NumHeteroatoms,NumHeterocycles,NumRotatableBonds,NumSaturatedCarbocycles,NumSaturatedHeterocycles,NumSaturatedRings,NumSpiroAtoms,NumUnspecifiedAtomStereoCenters,Phi,RingCount,MolLogP,MolMR,fr_Al_COO,fr_Al_OH,fr_Al_OH_noTert,fr_ArN,fr_Ar_COO,fr_Ar_N,fr_Ar_NH,fr_Ar_OH,fr_COO,fr_COO2,fr_C_O,fr_C_O_noCOO,fr_C_S,fr_HOCCN,fr_Imine,fr_NH0,fr_NH1,fr_NH2,fr_N_O,fr_Ndealkylation1,fr_Ndealkylation2,fr_Nhpyrrole,fr_SH,fr_aldehyde,fr_alkyl_carbamate,fr_alkyl_halide,fr_allylic_oxid,fr_amide,fr_amidine,fr_aniline,fr_aryl_methyl,fr_azide,fr_azo,fr_barbitur,fr_benzene,fr_benzodiazepine,fr_bicyclic,fr_diazo,fr_dihydropyridine,fr_epoxide,fr_ester,fr_ether,fr_furan,fr_guanido,fr_halogen,fr_hdrzine,fr_hdrzone,fr_imidazole,fr_imide,fr_isocyan,fr_isothiocyan,fr_ketone,fr_ketone_Topliss,fr_lactam,fr_lactone,fr_methoxy,fr_morpholine,fr_nitrile,fr_nitro,fr_nitro_arom,fr_nitro_arom_nonortho,fr_nitroso,fr_oxazole,fr_oxime,fr_para_hydroxylation,fr_phenol,fr_phenol_noOrthoHbond,fr_phos_acid,fr_phos_ester,fr_piperdine,fr_piperzine,fr_priamide,fr_prisulfonamd,fr_pyridine,fr_quatN,fr_sulfide,fr_sulfonamd,fr_sulfone,fr_term_acetylene,fr_tetrazole,fr_thiazole,fr_thiocyan,fr_thiophene,fr_unbrch_alkane,fr_urea
Heptanal,CCCCCCC=O,1,9.768008786848073,9.768008786848073,0.75,0.75,0.39512309780441124,9.125,114.18799999999999,100.07599999999998,114.104465068,48,0,0.11949019866492745,-0.30340290814946846,0.30340290814946846,0.11949019866492745,1.25,2.0,2.5,16.128720481644375,10.160754703927799,1.8299036953018308,-1.8981242502952553,1.9894756702654155,-1.7581680572711944,5.484120793525201,-0.10746699709644852,1.8088121254443208,2.616293090417985,50.34851554559677,6.242640687119286,5.521132465586227,5.521132465586227,3.914213562373095,3.3510573320459267,3.3510573320459267,2.0160019730413006,2.0160019730413006,1.175528666022963,1.175528666022963,0.6544475959273766,0.6544475959273766,-0.33,61.499612265106904,7.669999999999999,6.670000000000001,5.670000000000001,51.09042581425296,4.794537184071822,6.286160523129555,0.0,0.0,0.0,0.0,0.0,0.0,0.0,0.0,26.186202068468653,6.4208216229260096,6.4208216229260096,0.0,4.794537184071822,6.286160523129555,0.0,0.0,0.0,39.02784531432067,0.0,0.0,0.0,0.0,0.0,0.0,0.0,0.0,6.286160523129555,4.794537184071822,0.0,39.02784531432067,0.0,0.0,0.0,0.0,17.07,0.0,4.794537184071822,0.0,0.0,0.0,19.127803768981575,19.26246486877803,0.0,0.0,6.923737199690624,0.0,0.0,0.0,9.768008786848073,0.0,0.0,0.0,0.0,6.564421768707483,2.167569444444444,0.0,0.8571428571428571,8,0,1,0,0,0,0,0,0,0,0,0,1,0,1,0,5,0,0,0,0,0,6.3948625,0,2.1557000000000004,34.822999999999986,0,0,0,0,0,0,0,0,0,0,1,1,0,0,0,0,0,0,0,0,0,0,0,1,0,0,0,0,0,0,0,0,0,0,0,0,0,0,0,0,0,0,0,0,0,0,0,0,0,0,0,0,0,0,0,0,0,0,0,0,0,0,0,0,0,0,0,0,0,0,0,0,0,0,0,0,0,0,0,0,0,0,0,4,0
4-Methylthio benzaldehyde,CSc1ccc(C=O)cc1,0,10.199307917611488,10.199307917611488,0.7340740740740743,0.7340740740740743,0.4771767424406644,9.3,152.218,144.15399999999997,152.029585876,52,0,0.14954935496562302,-0.2978964006047852,0.2978964006047852,0.14954935496562302,1.3,1.9,2.3,32.166406870300825,10.231953028601453,1.8855952755516792,-1.9293400157259284,2.1303530236911152,-1.7640875805560994,7.982094467397382,0.11182913558191465,2.048167390601267,2.895351845489354,215.20412994838864,7.397341225498538,5.703247926875856,6.519744507803582,4.863703305156274,2.9581170357320423,4.182861907123631,1.8910108691585394,2.770663680413433,1.2518847232277175,1.995454770994658,0.6824778110696945,1.0907261015335576,-0.76,237.587417309747,7.348225108225108,3.418784463216018,1.6081693303273974,64.44591947369918,0.0,6.286160523129555,0.0,0.0,0.0,0.0,4.794537184071822,0.0,0.0,11.761884949391115,12.13273413692322,18.388503320434623,10.45893496721477,0.0,4.794537184071822,18.04804547252067,0.0,0.0,0.0,4.895483475517775,6.255769183511404,29.828919765543436,0.0,0.0,0.0,0.0,0.0,11.761884949391115,12.54192970664096,0.0,0.0,10.357988675768818,29.160951749364212,0.0,0.0,0.0,17.07,0.0,4.794537184071822,0.0,0.0,0.0,11.849612014826551,4.895483475517775,11.761884949391115,30.52123745735784,0.0,0.0,0.0,1.6720578231292516,11.385048658352229,0.0,0.7340740740740743,0.0,7.514351851851852,2.8611342592592592,0.0,0.0,0.125,10,0,1,0,0,0,0,1,0,1,0,0,2,0,2,0,2,0,0,0,0,0,2.5121997832213845,1,2.221,43.61050000000002,0,0,0,0,0,0,0,0,0,0,1,1,0,0,0,0,0,0,0,0,0,0,0,1,0,0,0,0,0,0,0,0,0,0,1,0,0,0,0,0,0,0,0,0,0,0,0,0,0,0,0,0,0,0,0,0,0,0,0,0,0,0,0,0,0,0,0,0,0,0,0,0,0,0,0,1,0,0,0,0,0,0,0,0,0
Heptyl butyrate,CCCCCCCOC(=O)CCC,0,10.909694743638196,10.909694743638196,0.04352636579323055,-0.04352636579323055,0.42922080340937335,10.0,186.29499999999996,164.11899999999997,186.161979944,78,0,0.3052668954719293,-0.4656751311661505,0.4656751311661505,0.3052668954719293,1.0,1.6923076923076923,2.3076923076923075,16.53234462011883,10.154827864765256,1.9848290152949453,-2.0256071385651198,2.024565133174074,-2.042725310095066,5.686310651766255,-0.14331225326178762,2.11444867153922,3.021081245629661,121.2586863990795,9.941311299868556,8.973350830420108,8.973350830420108,6.3080604124904465,5.464690378025045,5.464690378025045,3.384683742830579,3.384683742830579,1.965064813453422,1.965064813453422,1.1679126260539472,1.1679126260539472,-0.53,708.3403049656388,12.47,9.557183958151702,9.383611364256268,81.66373950134627,4.736862953800049,0.0,0.0,0.0,0.0,5.969305287951849,4.794537184071822,0.0,0.0,0.0,39.53076089108528,12.841643245852019,6.4208216229260096,6.606881964512918,9.53140013787187,5.969305287951849,0.0,0.0,0.0,58.79322575986332,6.606881964512918,0.0,0.0,0.0,0.0,0.0,0.0,0.0,12.576187252464766,9.53140013787187,0.0,58.79322575986332,0.0,0.0,0.0,0.0,26.3,0.0,4.794537184071822,0.0,5.969305287951849,13.027703587438928,12.841643245852019,25.683286491704038,0.0,6.923737199690624,6.923737199690624,4.736862953800049,5.023698270975057,0.0,10.909694743638196,0.0,0.0,-0.04352636579323055,0.0,7.478853592745638,4.797946425101006,0.0,0.9090909090909091,13,0,2,0,0,0,0,0,0,0,0,0,2,0,2,0,8,0,0,0,0,0,9.167544919857825,0,3.3001000000000023,54.62600000000005,0,0,0,0,0,0,0,0,0,0,1,1,0,0,0,0,0,0,0,0,0,0,0,0,0,0,0,0,0,0,0,0,0,0,0,0,0,0,0,0,1,1,0,0,0,0,0,0,0,0,0,0,0,0,0,0,0,0,0,0,0,0,0,0,0,0,0,0,0,0,0,0,0,0,0,0,0,0,0,0,0,0,0,4,0
Hydroxycitronellal,COC(=O)c1ccccc1N=CCC(C)CCCC(C)(C)O,0,11.64681597858796,11.64681597858796,0.3694669729053752,-0.5900164400233949,0.5797209261599566,13.318181818181818,305.418,278.202,305.199093724,122,0,0.3395555888594396,-0.4653606733981498,0.4653606733981498,0.3395555888594396,1.4090909090909092,2.090909090909091,2.727272727272727,16.523390521761907,9.953876768019848,2.1252996771355295,-2.1731591641218624,2.2043359208514213,-2.177577817163341,5.949098142090937,0.06006984002172544,2.453503465539555,2.504766142992403,503.2988869266418,16.58757566981053,14.00345251181159,14.00345251181159,10.331517119608918,7.754907866538961,7.754907866538961,6.365941073740773,6.365941073740773,3.5330130639460666,3.5330130639460666,2.200767145526573,2.200767145526573,-1.6800000000000002,50355.705126733825,18.369212598425197,8.68753706947002,6.852274410290786,132.77533205986305,9.843390348640755,0.0,0.0,0.0,0.0,5.969305287951849,4.992404732635669,4.794537184071822,0.0,0.0,31.898114582465865,44.73975782831788,6.2146005795353165,23.96168611864178,14.637927532712576,17.87129214217073,0.0,0.0,10.910310778797061,52.05554890175959,7.109797541277533,29.828919765543436,0.0,0.0,0.0,5.687386274683562,0.0,0.0,30.00128161458909,4.736862953800049,5.917906046161393,56.81248676654472,29.25787300648211,0.0,0.0,0.0,58.89,5.601050810983688,9.901064578912528,0.0,5.969305287951849,17.16874381254195,25.683286491704038,7.109797541277533,12.13273413692322,32.19480911583979,11.916141932326294,4.736862953800049,4.7528076900567955,0.0,16.043629998177277,9.69107949017165,0.5294045586842204,0.12718943194051358,7.170017933563242,5.558990408057417,5.841610783897039,1.3686030387851829,0.5555555555555556,22,1,4,0,0,0,0,1,0,1,1,0,4,1,4,0,8,0,0,0,0,1,7.253782517536118,1,4.1429000000000045,89.86330000000005,0,1,0,0,0,0,0,0,0,0,1,1,0,0,1,1,0,0,0,0,0,0,0,0,0,0,0,0,0,0,0,0,0,0,1,0,0,0,0,0,1,1,0,0,0,0,0,0,0,0,0,0,0,0,0,1,0,0,0,0,0,0,0,0,1,0,0,0,0,0,0,0,0,0,0,0,0,0,0,0,0,0,0,0,0
Methyl caproate,CCCCCC(=O)OC,0,10.464401927437642,10.464401927437642,0.09402777777777738,-0.09402777777777738,0.42771974072641583,9.11111111111111,130.18699999999998,116.07499999999997,130.099379688,54,0,0.30500183741330067,-0.4689954278244128,0.4689954278244128,0.30500183741330067,1.4444444444444444,2.111111111111111,2.5555555555555554,16.52293692730326,10.191525162975998,1.9603169232615014,-1.9512481010141725,1.9842967661922233,-1.9815605698631453,5.684547400860765,-0.1402423481333953,1.8853475857946647,2.9730624080867365,78.98533616859814,7.112884175122364,6.144923705673916,6.144923705673916,4.308060412490447,3.3771567527075472,3.3771567527075472,2.033239394346625,2.033239394346625,1.2121251317525819,1.2121251317525819,0.6213996399133721,0.6213996399133721,-0.53,94.26737928973323,8.470000000000002,5.603868808567606,5.339329135302875,56.20397104375984,4.736862953800049,0.0,0.0,0.0,0.0,5.969305287951849,4.794537184071822,0.0,0.0,0.0,19.765380445542643,6.4208216229260096,6.4208216229260096,7.109797541277533,9.53140013787187,5.969305287951849,0.0,0.0,0.0,32.60702369139466,7.109797541277533,0.0,0.0,0.0,0.0,0.0,0.0,0.0,13.079102829229383,9.53140013787187,0.0,32.60702369139466,0.0,0.0,0.0,0.0,26.3,0.0,4.794537184071822,0.0,5.969305287951849,6.4208216229260096,19.26246486877803,7.109797541277533,0.0,0.0,11.660600153490673,0.0,4.457834467120182,0.0,10.464401927437642,0.0,0.0,-0.09402777777777738,0.0,3.8051662887377167,2.108411753590325,1.424880007558579,0.8571428571428571,9,0,2,0,0,0,0,0,0,0,0,0,2,0,2,0,4,0,0,0,0,0,5.2738632009519595,0,1.7397,36.157999999999994,0,0,0,0,0,0,0,0,0,0,1,1,0,0,0,0,0,0,0,0,0,0,0,0,0,0,0,0,0,0,0,0,0,0,0,0,0,0,0,0,1,1,0,0,0,0,0,0,0,0,0,0,0,0,0,1,0,0,0,0,0,0,0,0,0,0,0,0,0,0,0,0,0,0,0,0,0,0,0,0,0,0,0,2,0
1-(2-Isopropylphenyl)-1-phenyle- thane (Mixture of isomers),CC(C)c1ccccc1C(C)c1ccccc1,0,2.288240740740741,2.288240740740741,0.4674074074074074,0.4674074074074074,0.6907723958963936,12.705882352941176,224.34699999999998,204.18699999999995,224.15650064,88,0,0.006378429508717747,-0.062248010638557484,0.062248010638557484,0.006378429508717747,0.6470588235294118,1.1764705882352942,1.7647058823529411,14.174150216619626,9.858745409062214,2.1298426461534508,-2.1860590863408054,2.299014481582577,-2.0167888991874374,5.382224482310554,0.8120543752775016,2.3862493642538847,2.4065994830627533,468.4068006343689,12.25071237662706,10.850852961085886,10.850852961085886,8.198377302757661,6.3361100830659005,6.3361100830659005,4.915989092705287,4.915989092705287,3.384098600856966,3.384098600856966,2.3522907787695835,2.3522907787695835,-1.5599999999999996,9172.742556191934,11.911818187199936,5.179883897166062,2.578293433955577,104.31320789754405,0.0,0.0,0.0,0.0,0.0,0.0,0.0,0.0,0.0,0.0,75.36851521522637,22.60826052125238,5.917906046161393,0.0,0.0,0.0,0.0,0.0,0.0,32.60702369139466,0.0,71.28765809124549,0.0,0.0,0.0,0.0,0.0,0.0,0.0,0.0,0.0,49.29737816648564,54.59730361615449,0.0,0.0,0.0,0.0,0.0,0.0,0.0,0.0,11.835812092322787,0.0,16.690354475090988,0.0,0.0,75.36851521522637,0.0,0.0,0.0,0.0,0.0,4.303845427059714,1.0482983749055177,19.50535619803477,0.0,6.809166666666667,0.0,0.29411764705882354,17,0,0,0,0,0,0,2,0,2,1,0,0,0,0,0,3,0,0,0,0,1,3.6295197184615753,2,4.961800000000005,74.49000000000005,0,0,0,0,0,0,0,0,0,0,0,0,0,0,0,0,0,0,0,0,0,0,0,0,0,0,0,0,0,0,0,0,0,0,2,0,0,0,0,0,0,0,0,0,0,0,0,0,0,0,0,0,0,0,0,0,0,0,0,0,0,0,0,0,0,0,0,0,0,0,0,0,0,0,0,0,0,0,0,0,0,0,0,0,0
Benzyl salicylate,O=C(OCc1ccccc1)c1ccccc1O,0,11.65660478080121,11.65660478080121,0.06429474258839285,-0.5213397581254713,0.8214760330937975,9.882352941176471,228.24699999999999,216.15099999999995,228.078644244,86,0,0.34174583112785833,-0.5070527973358621,0.5070527973358621,0.34174583112785833,1.0,1.6470588235294117,2.3529411764705883,16.53352874406066,10.176370494070055,2.107565973587708,-2.0545753346706332,2.1668168252464097,-2.047781190685166,5.917614779713966,0.04691886209866325,2.3764012654790427,2.0128368037651727,505.88558878375915,12.08757566981053,9.166969380320866,9.166969380320866,8.270856947829095,5.262117485114515,5.262117485114515,3.5788802312474406,3.5788802312474406,2.3367180029014656,2.3367180029014656,1.447119013396703,1.447119013396703,-2.2899999999999996,9733.739583402159,11.203022603757393,5.163787455051142,2.8441145992891728,99.28768263610088,9.843390348640755,17.919845289493818,0.0,0.0,0.0,5.969305287951849,0.0,4.794537184071822,0.0,0.0,42.46456947923127,17.696185628620217,0.0,0.0,14.637927532712578,5.969305287951849,0.0,0.0,0.0,6.606881964512918,0.0,65.72420659954848,0.0,5.749511833283905,0.0,0.0,5.749511833283905,0.0,11.075832682792555,11.343744918312968,0.0,15.921440167465814,54.59730361615449,0.0,0.0,0.0,46.53,5.969305287951849,9.901064578912528,0.0,17.919845289493818,0.0,5.563451491696996,12.13273413692322,12.13273413692322,30.33183534230805,0.0,4.736862953800049,5.096018518518519,0.0,11.65660478080121,9.477293398841017,1.0969463340891918,-0.5856345007138641,15.723049624170656,0.0,0.20238851095993948,0.0,0.07142857142857142,17,1,3,0,0,0,0,2,0,2,0,0,3,1,3,0,3,0,0,0,0,0,3.402942798819812,2,2.749200000000001,63.66830000000004,0,0,0,0,0,0,0,1,0,0,1,1,0,0,0,0,0,0,0,0,0,0,0,0,0,0,0,0,0,0,0,0,0,0,2,0,0,0,0,0,1,1,0,0,0,0,0,0,0,0,0,0,0,0,0,0,0,0,0,0,0,0,0,0,1,1,1,0,0,0,0,0,0,0,0,0,0,0,0,0,0,0,0,0,0
Sodium dodecyl sulphate,CCCCCCCCCCCCOS(=O)(=O)[O-],1,10.113810447836318,10.113810447836318,0.0,-4.484381926491812,0.2254153242200697,11.222222222222221,288.385,263.18499999999995,288.13712456,104,0,1.0,-0.7255192724478405,1.0,0.7255192724478405,0.8333333333333334,1.2222222222222223,1.6111111111111112,,,,,,,,,2.24251855528897,0.0,254.80302513413508,12.985281374238573,11.81941604537134,14.635912626299069,8.060660171779823,6.662448582448028,7.99578191578136,4.412204081233013,5.464402922556257,2.7255618585214205,3.1809036597828997,1.750486577407268,2.072461852836957,0.8700000000000001,3904.2248047580965,21.17341159724508,14.282719836642029,19.215292467468565,134.11819902450975,4.552749873690364,0.0,0.0,10.399000581649606,0.0,29.557286032607934,4.183085432649707,8.417796984328938,0.0,0.0,64.71113180602472,6.4208216229260096,0.0,6.606881964512918,46.71091832327694,10.399000581649606,0.0,0.0,0.0,71.13195342895074,6.606881964512918,0.0,0.0,0.0,29.557286032607934,0.0,0.0,0.0,19.57742882253222,14.582086014299314,0.0,71.13195342895074,0.0,0.0,0.0,0.0,66.43,10.399000581649606,12.9705468580193,0.0,36.16416799712085,6.4208216229260096,12.841643245852019,44.94575136048208,0.0,0.0,11.106822632340332,0.0,34.4594270266624,0.0,0.0,0.0,0.0,0.0,0.0,11.699055850120324,2.2425657163757604,-4.484381926491812,1.0,18,0,4,0,0,0,0,0,0,0,0,0,4,0,6,0,12,0,0,0,0,0,16.800772546075486,0,0.38809999999999967,67.49320000000006,0,0,0,0,0,0,0,0,0,0,0,0,0,0,0,0,0,0,0,0,0,0,0,0,0,0,0,0,0,0,0,0,0,0,0,0,0,0,0,0,0,0,0,0,0,0,0,0,0,0,0,0,0,0,0,0,0,0,0,0,0,0,0,0,0,0,0,0,0,0,0,0,0,0,0,0,0,0,0,0,0,0,0,9,0
1-Bromo-4-chlorobutane,ClCCCCBr,0,5.359459876543209,5.359459876543209,0.7972222222222223,0.7972222222222223,0.45184902536330124,9.0,171.465,163.40099999999998,169.949790036,38,0,0.022324686134990838,-0.12671645389540528,0.12671645389540528,0.022324686134990838,1.3333333333333333,2.0,2.1666666666666665,79.918729569165,10.38599429330526,1.7756802341530962,-1.8310483773447475,1.9350767964695073,-1.7367526348376108,9.088866048905436,0.908614685320396,1.6143308351592656,2.3390923149762908,19.509775004326936,4.82842712474619,3.5843560707646445,5.926281555897803,2.914213562373095,2.0345224838248486,3.6905138753960998,1.0850712541957743,2.2560339967623535,0.5172612419124242,1.3452569376980499,0.18898223650461354,0.774463607787903,0.77,20.986300857070454,6.769999999999999,5.77,4.769999999999999,52.00489120354241,0.0,0.0,0.0,0.0,0.0,0.0,0.0,0.0,0.0,11.600939890232516,15.929943897949348,12.841643245852019,11.210093092031766,0.0,0.0,27.530883788181864,0.0,0.0,0.0,12.841643245852019,11.210093092031766,0.0,0.0,0.0,0.0,0.0,0.0,27.530883788181864,11.210093092031766,0.0,0.0,12.841643245852019,0.0,0.0,0.0,0.0,0.0,0.0,0.0,0.0,0.0,0.0,17.630914714957775,6.4208216229260096,0.0,0.0,15.929943897949348,11.600939890232516,0.0,8.651165123456789,0.0,1.0830555555555557,0.0,0.7972222222222223,0.0,2.3296682098765435,0.0,0.0,1.0,6,0,0,0,0,0,0,0,0,0,0,0,0,0,2,0,3,0,0,0,0,0,6.510483333333332,0,2.4003000000000005,33.748,0,0,0,0,0,0,0,0,0,0,0,0,0,0,0,0,0,0,0,0,0,0,0,0,0,2,0,0,0,0,0,0,0,0,0,0,0,0,0,0,0,0,0,0,2,0,0,0,0,0,0,0,0,0,0,0,0,0,0,0,0,0,0,0,0,0,0,0,0,0,0,0,0,0,0,0,0,0,0,0,0,0,0,1,0
Heptanoic acid,CCCCCCC(=O)O,1,9.962453231292518,9.962453231292518,0.33333333333333326,-0.6749045729402872,0.5780646905302889,9.444444444444445,130.18699999999998,116.07499999999997,130.099379688,54,0,0.3028395565266828,-0.481230389785224,0.481230389785224,0.3028395565266828,1.3333333333333333,2.0,2.4444444444444446,16.3651186605478,10.152525605548378,1.9343320958925108,-1.923990078829275,2.00720258067434,-1.9248675309569554,5.66012926302437,-0.13665025845199613,1.8005768964064195,2.828868134909685,78.98533616859814,7.112884175122364,5.890995791896559,5.890995791896559,4.270055610029662,3.4883911147617317,3.4883911147617317,2.2043987150031743,2.2043987150031743,1.2441955573808654,1.2441955573808654,0.7030024204495495,0.7030024204495495,-0.53,84.62711413110172,8.470000000000002,5.603868808567606,7.470000000000003,55.884659566448974,5.106527394840706,0.0,0.0,0.0,0.0,5.969305287951849,4.794537184071822,0.0,0.0,0.0,26.186202068468653,6.4208216229260096,6.4208216229260096,0.0,9.901064578912528,5.969305287951849,0.0,0.0,0.0,39.02784531432067,0.0,0.0,0.0,0.0,0.0,0.0,0.0,0.0,11.075832682792555,4.794537184071822,0.0,39.02784531432067,0.0,0.0,0.0,0.0,37.3,5.969305287951849,4.794537184071822,0.0,0.0,6.4208216229260096,19.26246486877803,6.4208216229260096,0.0,0.0,6.923737199690624,5.106527394840706,0.0,0.0,9.962453231292518,8.2128089569161,0.0,-0.6749045729402872,0.0,4.554436885865457,2.11187216553288,0.0,0.8571428571428571,9,1,2,0,0,0,0,0,0,0,0,0,1,1,2,0,5,0,0,0,0,0,5.2738632009519595,0,2.0414,36.39479999999999,1,0,0,0,0,0,0,0,1,1,1,0,0,0,0,0,0,0,0,0,0,0,0,0,0,0,0,0,0,0,0,0,0,0,0,0,0,0,0,0,0,0,0,0,0,0,0,0,0,0,0,0,0,0,0,0,0,0,0,0,0,0,0,0,0,0,0,0,0,0,0,0,0,0,0,0,0,0,0,0,0,0,0,3,0
Hexadecanoic acid,CCCCCCCCCCCCCCCC(=O)O,0,10.300651416454157,10.300651416454157,0.345,-0.654562036092502,0.4134897831112086,10.722222222222221,256.42999999999995,224.17399999999995,256.240230264,108,0,0.30283955653218375,-0.481230389785217,0.481230389785217,0.30283955653218375,0.6666666666666666,1.0,1.3333333333333333,16.36512998445953,10.044731922667602,1.9633127069124323,-2.0199795198554193,2.1225072256993127,-1.9294559983246558,5.660158457608767,-0.13665274685068116,2.3446101899431584,2.9229656090325555,177.93577382145608,13.476845205801295,12.25495682257549,12.25495682257549,8.770055610029663,7.988391114761732,7.988391114761732,5.386379230342636,5.386379230342636,3.494195557380866,3.494195557380866,2.29399267811928,2.29399267811928,-0.53,8372.602988287019,17.470000000000002,14.530716454159078,15.469999999999994,113.1691385960185,5.106527394840706,0.0,0.0,0.0,0.0,5.969305287951849,4.794537184071822,0.0,0.0,0.0,83.97359667480276,6.4208216229260096,6.4208216229260096,0.0,9.901064578912528,5.969305287951849,0.0,0.0,0.0,96.81523992065479,0.0,0.0,0.0,0.0,0.0,0.0,0.0,0.0,11.075832682792555,4.794537184071822,0.0,96.81523992065479,0.0,0.0,0.0,0.0,37.3,5.969305287951849,4.794537184071822,0.0,0.0,6.4208216229260096,12.841643245852019,70.62903785218613,0.0,0.0,6.923737199690624,5.106527394840706,0.0,0.0,10.300651416454157,8.490622453174492,0.0,-0.654562036092502,0.0,17.2695744765868,2.260380356543716,0.0,0.9375,18,1,2,0,0,0,0,0,0,0,0,0,1,1,2,0,14,0,0,0,0,0,14.102867580786619,0,5.552300000000005,77.94780000000007,1,0,0,0,0,0,0,0,1,1,1,0,0,0,0,0,0,0,0,0,0,0,0,0,0,0,0,0,0,0,0,0,0,0,0,0,0,0,0,0,0,0,0,0,0,0,0,0,0,0,0,0,0,0,0,0,0,0,0,0,0,0,0,0,0,0,0,0,0,0,0,0,0,0,0,0,0,0,0,0,0,0,0,12,0
Dimethylsulfoxide,CS(C)=O,1,9.555555555555555,9.555555555555555,0.6111111111111114,-0.6111111111111114,0.3981850774633207,8.75,78.136,72.088,78.013935812,26,0,0.014804214088221839,-0.2601579626577377,0.2601579626577377,0.014804214088221839,1.5,1.5,1.5,32.19696040763111,11.912196087574866,1.5716343363286278,-1.5986639964786291,1.470818670319327,-1.7011978973115964,7.829987043024964,0.6900118228151245,0.8112781244591328,2.8030394876740514,29.019550008653873,3.5773502691896257,2.8164965809277263,3.632993161855452,1.7320508075688772,0.9831632475943929,2.949489742783178,0.7415816237971965,2.224744871391589,0.0,0.0,0.0,0.0,0.14999999999999997,3.2451124978365313,4.150000000000002,1.4674603174603182,126.37222222222238,28.478447345802074,0.0,0.0,0.0,0.0,0.0,0.0,4.208898492164469,0.0,0.0,0.0,0.0,0.0,23.311107409927118,0.0,4.208898492164469,10.799569042904308,0.0,0.0,0.0,0.0,12.511538367022808,0.0,0.0,0.0,0.0,0.0,0.0,0.0,16.720436859187277,10.799569042904308,0.0,0.0,0.0,0.0,0.0,0.0,17.07,10.799569042904308,4.208898492164469,0.0,0.0,0.0,0.0,0.0,12.511538367022808,0.0,0.0,0.0,9.555555555555555,0.0,0.0,0.0,0.0,0.0,0.0,3.2777777777777777,0.0,-0.6111111111111114,1.0,4,0,1,0,0,0,0,0,0,0,0,0,1,0,2,0,0,0,0,0,0,0,1.5224900793650809,0,-0.005299999999999971,19.990399999999998,0,0,0,0,0,0,0,0,0,0,0,0,0,0,0,0,0,0,0,0,0,0,0,0,0,0,0,0,0,0,0,0,0,0,0,0,0,0,0,0,0,0,0,0,0,0,0,0,0,0,0,0,0,0,0,0,0,0,0,0,0,0,0,0,0,0,0,0,0,0,0,0,0,0,0,0,0,0,0,0,0,0,0,0,0
Terpinyl acetate,CC(=O)OC(C)(C)C1CC=C(C)CC1,0,10.928722442680776,10.928722442680776,0.17937499999999984,-0.31643518518518476,0.5008915903247252,22.857142857142858,196.28999999999996,176.12999999999997,196.14632988,80,0,0.30266667098114525,-0.4595469531938097,0.4595469531938097,0.30266667098114525,1.5714285714285714,2.2142857142857144,2.642857142857143,16.552915958314248,9.794592742046405,2.3219249412030925,-2.3487080331275343,2.3347843767834906,-2.3639209436983024,5.660650978274127,-0.15875523232928102,2.0192017449044517,2.5988300021762742,251.04734401697985,10.767584713501616,9.592517462866622,9.592517462866622,6.41552078507628,5.268020966870284,5.268020966870284,4.718871021965365,4.718871021965365,3.0279091839235073,3.0279091839235073,2.0504464424078237,2.0504464424078237,-0.79,944.9864166152834,11.285700227100682,4.157881994698992,2.8610435577353184,86.3332474300294,4.736862953800049,5.601050810983688,0.0,0.0,0.0,5.969305287951849,4.794537184071822,0.0,0.0,0.0,11.64912463690315,40.0336764678499,12.841643245852017,0.0,9.53140013787187,5.969305287951849,0.0,0.0,5.917906046161393,52.558464478524215,0.0,11.64912463690315,0.0,0.0,0.0,0.0,0.0,0.0,11.570356098935537,9.53140013787187,5.917906046161393,46.95741366754052,11.64912463690315,0.0,0.0,0.0,26.3,0.0,4.794537184071822,0.0,11.570356098935537,5.917906046161393,19.26246486877803,12.496841729759891,0.0,13.847474399381248,12.999757306524504,4.736862953800049,5.344223356009071,0.0,10.928722442680776,0.0,1.141782407407408,0.28831018518518525,0.0,5.559028722600151,7.654599552784076,0.0,0.75,14,0,2,1,0,1,0,0,0,0,1,0,2,0,2,0,2,0,0,0,0,1,3.3517578408451607,1,3.0745000000000013,56.94300000000004,0,0,0,0,0,0,0,0,0,0,1,1,0,0,0,0,0,0,0,0,0,0,0,0,0,0,2,0,0,0,0,0,0,0,0,0,0,0,0,0,1,1,0,0,0,0,0,0,0,0,0,0,0,0,0,0,0,0,0,0,0,0,0,0,0,0,0,0,0,0,0,0,0,0,0,0,0,0,0,0,0,0,0,0,0
Nonanoic acid,CCCCCCCCC(=O)O,1,10.088166965860419,10.088166965860419,0.3394097222222221,-0.6662115509784157,0.5783198770575686,9.909090909090908,158.241,140.09699999999998,158.130679816,66,0,0.30283955653218375,-0.481230389785217,0.481230389785217,0.30283955653218375,1.0909090909090908,1.6363636363636365,2.1818181818181817,16.36512122747303,10.103702922698506,1.9475302614035135,-1.965119005495092,2.057487372805608,-1.9280243354000743,5.660139695052811,-0.13665125153188476,1.9585031169241844,2.8497612822334424,99.73585546369786,8.52709773749546,7.305209354269655,7.305209354269655,5.270055610029662,4.488391114761732,4.488391114761732,2.9115054961897218,2.9115054961897218,1.7441955573808654,1.7441955573808654,1.056555811042823,1.056555811042823,-0.53,240.89588338167468,10.47,7.575596620908132,9.470000000000002,68.6145437952422,5.106527394840706,0.0,0.0,0.0,0.0,5.969305287951849,4.794537184071822,0.0,0.0,0.0,39.02784531432067,6.4208216229260096,6.4208216229260096,0.0,9.901064578912528,5.969305287951849,0.0,0.0,0.0,51.8694885601727,0.0,0.0,0.0,0.0,0.0,0.0,0.0,0.0,11.075832682792555,4.794537184071822,0.0,51.8694885601727,0.0,0.0,0.0,0.0,37.3,5.969305287951849,4.794537184071822,0.0,0.0,6.4208216229260096,12.841643245852019,25.683286491704038,0.0,0.0,6.923737199690624,5.106527394840706,0.0,0.0,10.088166965860419,8.316177012471655,0.0,-0.6662115509784157,0.0,7.250707986898463,2.177826252414546,0.0,0.8888888888888888,11,1,2,0,0,0,0,0,0,0,0,0,1,1,2,0,7,0,0,0,0,0,7.2105906019007415,0,2.821600000000001,45.62880000000001,1,0,0,0,0,0,0,0,1,1,1,0,0,0,0,0,0,0,0,0,0,0,0,0,0,0,0,0,0,0,0,0,0,0,0,0,0,0,0,0,0,0,0,0,0,0,0,0,0,0,0,0,0,0,0,0,0,0,0,0,0,0,0,0,0,0,0,0,0,0,0,0,0,0,0,0,0,0,0,0,0,0,0,5,0
Octanoic acid,CCCCCCCC(=O)O,1,10.031994126354245,10.031994126354245,0.33701814058956914,-0.6699088246409672,0.5811557038471341,9.7,144.214,128.08599999999998,144.115029752,60,0,0.3028395565321737,-0.481230389785217,0.481230389785217,0.3028395565321737,1.2,1.8,2.3,16.36511996668069,10.124243287305523,1.9420985020235595,-1.947288419031436,2.036136763183894,-1.9268932152010239,5.660135891241354,-0.1366504525508183,1.8709889548563379,2.8385891218139165,89.25838096618138,7.819990956308912,6.598102573083107,6.598102573083107,4.770055610029662,3.9883911147617317,3.9883911147617317,2.557952105596448,2.557952105596448,1.4941955573808654,1.4941955573808654,0.8797791157461863,0.8797791157461863,-0.53,142.19516056908168,9.47,6.588063754427392,7.470000000000003,62.24960168084558,5.106527394840706,0.0,0.0,0.0,0.0,5.969305287951849,4.794537184071822,0.0,0.0,0.0,32.60702369139466,6.4208216229260096,6.4208216229260096,0.0,9.901064578912528,5.969305287951849,0.0,0.0,0.0,45.448666937246685,0.0,0.0,0.0,0.0,0.0,0.0,0.0,0.0,11.075832682792555,4.794537184071822,0.0,45.448666937246685,0.0,0.0,0.0,0.0,37.3,5.969305287951849,4.794537184071822,0.0,0.0,6.4208216229260096,12.841643245852019,19.26246486877803,0.0,0.0,6.923737199690624,5.106527394840706,0.0,0.0,10.031994126354245,8.270004172965482,0.0,-0.6699088246409672,0.0,5.884581443688586,2.14999574829932,0.0,0.875,10,1,2,0,0,0,0,0,0,0,0,0,1,1,2,0,6,0,0,0,0,0,6.2388963754427404,0,2.4315000000000007,41.0118,1,0,0,0,0,0,0,0,1,1,1,0,0,0,0,0,0,0,0,0,0,0,0,0,0,0,0,0,0,0,0,0,0,0,0,0,0,0,0,0,0,0,0,0,0,0,0,0,0,0,0,0,0,0,0,0,0,0,0,0,0,0,0,0,0,0,0,0,0,0,0,0,0,0,0,0,0,0,0,0,0,0,0,4,0
Citronellol,CC(C)=CCCC(C)CCO,0,8.62977308515999,8.62977308515999,0.3293532690854122,0.3293532690854122,0.6067463726043824,12.727272727272727,156.26899999999998,136.10899999999998,156.15141526,66,0,0.04330667182593248,-0.39636589335372435,0.39636589335372435,0.04330667182593248,1.3636363636363635,2.0,2.4545454545454546,16.249998190025728,10.016031284707351,1.9771918515772227,-2.0594488658234433,2.100524269604186,-1.9633701849700802,4.921853618800844,0.25870365457635225,1.8687620344865719,3.3063817487883043,112.04118472439221,8.69023444431199,7.9303412586254005,7.9303412586254005,5.163902460147014,4.406998041192866,4.406998041192866,3.476278331478514,3.476278331478514,1.8339505289550058,1.8339505289550058,1.0212503698810855,1.0212503698810855,-0.30000000000000004,203.69506175903632,10.7,6.412726002270941,7.598269256176509,70.12836077741078,5.106527394840706,0.0,0.0,0.0,0.0,0.0,0.0,0.0,0.0,0.0,18.572861836593773,39.02784531432067,6.606881964512918,0.0,5.106527394840706,0.0,0.0,0.0,5.917906046161393,40.0336764678499,6.606881964512918,11.64912463690315,0.0,0.0,0.0,0.0,0.0,0.0,11.713409359353623,0.0,5.917906046161393,40.0336764678499,11.64912463690315,0.0,0.0,0.0,20.23,0.0,0.0,0.0,0.0,12.52478801067431,12.841643245852019,11.993926152995277,0.0,0.0,26.847231705905752,5.106527394840706,0.0,0.0,0.0,8.62977308515999,1.38999858276644,0.6625925925925925,0.0,5.555273998488284,6.762361740992693,0.0,0.8,11,1,1,0,0,0,0,0,0,0,1,0,1,1,1,0,5,0,0,0,0,1,6.237833474936278,0,2.7513000000000014,49.531800000000025,0,1,1,0,0,0,0,0,0,0,0,0,0,0,0,0,0,0,0,0,0,0,0,0,0,0,2,0,0,0,0,0,0,0,0,0,0,0,0,0,0,0,0,0,0,0,0,0,0,0,0,0,0,0,0,0,0,0,0,0,0,0,0,0,0,0,0,0,0,0,0,0,0,0,0,0,0,0,0,0,0,0,0,0,0
1-Bromohexane,CCCCCCBr,1,3.3795422335600906,3.3795422335600906,1.1736111111111112,1.1736111111111112,0.4433511649860914,9.428571428571429,165.074,151.96999999999997,164.020062516,44,0,0.0031253010234603405,-0.09280780399301265,0.09280780399301265,0.0031253010234603405,1.1428571428571428,1.8571428571428572,2.2857142857142856,79.91872957655079,10.209086095950328,1.805330778479028,-1.8935132437493585,1.993661117288707,-1.733143193398161,9.088865520503214,0.708199343578281,1.690933805959686,2.447472887876344,23.360990398949916,5.535533905932738,4.913498378941965,6.499494918056669,3.414213562373095,2.9743680230989717,4.095836930845374,1.7496424082844344,2.5426406778417863,0.9871840115494857,1.5479184654226867,0.5212678135489435,0.9177669483276194,0.48,35.509609925153406,7.4799999999999995,6.48,6.480000000000001,54.43150920545395,0.0,0.0,0.0,0.0,0.0,0.0,0.0,0.0,0.0,0.0,42.116145966418,6.4208216229260096,5.330089647061427,0.0,0.0,15.929943897949348,0.0,0.0,0.0,32.60702369139466,5.330089647061427,0.0,0.0,0.0,0.0,0.0,0.0,15.929943897949348,5.330089647061427,0.0,0.0,32.60702369139466,0.0,0.0,0.0,0.0,0.0,0.0,0.0,0.0,0.0,0.0,0.0,31.013376138765466,0.0,0.0,22.85368109763997,0.0,0.0,3.3795422335600906,0.0,1.1736111111111112,0.0,0.0,0.0,5.466458333333334,2.230388321995465,0.0,1.0,7,0,0,0,0,0,0,0,0,0,0,0,0,0,1,0,4,0,0,0,0,0,6.9243428571428565,0,2.9616000000000016,37.936,0,0,0,0,0,0,0,0,0,0,0,0,0,0,0,0,0,0,0,0,0,0,0,0,0,1,0,0,0,0,0,0,0,0,0,0,0,0,0,0,0,0,0,0,1,0,0,0,0,0,0,0,0,0,0,0,0,0,0,0,0,0,0,0,0,0,0,0,0,0,0,0,0,0,0,0,0,0,0,0,0,0,0,3,0
Butyl methacrylate,C=C(C)C(=O)OCCCC,0,10.695883408919123,10.695883408919123,0.2838425925925925,-0.2838425925925925,0.3402461316750794,9.0,142.19799999999995,128.08599999999998,142.099379688,58,0,0.3326028108418095,-0.4623545619125935,0.4623545619125935,0.3326028108418095,1.6,2.2,2.6,16.532738740277207,10.328750047212086,1.9971389118003735,-2.005900313228549,1.9393098715636532,-2.050506108138848,5.863754738586778,-0.13853730017893623,1.8804130315742191,3.3124694776007457,127.21928094887362,7.983127663125442,6.644923705673916,6.644923705673916,4.680739212552622,3.507583596838497,3.507583596838497,2.269802667577787,2.269802667577787,1.0795090917835661,1.0795090917835661,0.43240387387744533,0.43240387387744533,-0.79,133.50932524176955,9.210000000000003,5.031464654502671,4.125077866183215,61.87931012597219,4.736862953800049,0.0,0.0,0.0,0.0,5.969305287951849,0.0,4.794537184071822,0.0,0.0,19.923494506215132,13.344558822616634,5.573104530069267,6.606881964512918,9.53140013787187,5.969305287951849,0.0,0.0,0.0,26.689117645233267,6.606881964512918,12.152040213667764,0.0,0.0,0.0,0.0,0.0,0.0,12.576187252464766,9.53140013787187,0.0,26.689117645233267,12.152040213667764,0.0,0.0,0.0,26.3,0.0,4.794537184071822,0.0,5.969305287951849,12.179986494582185,12.841643245852019,0.0,6.923737199690624,0.0,13.502672883289122,4.736862953800049,4.805370370370371,0.0,10.695883408919123,0.0,0.46861394557823144,-0.2838425925925925,0.0,1.9746929327286469,7.672615268329554,0.0,0.625,10,0,2,0,0,0,0,0,0,0,0,0,2,0,2,0,4,0,0,0,0,0,4.633978946796962,0,1.9058,40.681000000000004,0,0,0,0,0,0,0,0,0,0,1,1,0,0,0,0,0,0,0,0,0,0,0,0,0,0,0,0,0,0,0,0,0,0,0,0,0,0,0,0,1,1,0,0,0,0,0,0,0,0,0,0,0,0,0,0,0,0,0,0,0,0,0,0,0,0,0,0,0,0,0,0,0,0,0,0,0,0,0,0,0,0,0,1,0
Hexyl salicylate,CCCCCCOC(=O)c1ccccc1O,0,11.515975607835728,11.515975607835728,0.02679797073150203,-0.4494458616780046,0.5938273508900588,10.0625,222.28400000000002,204.13999999999996,222.125594436,88,0,0.3414078912166216,-0.5070527991633591,0.5070527991633591,0.3414078912166216,1.25,2.0,2.6875,16.533330168572395,10.174076789839896,2.101991091925156,-2.05139119442216,2.1614118351200027,-2.0607251461628318,5.91754334964348,0.04943184656255099,2.289271209339977,2.3297758132802646,333.7045208125127,11.803118619434356,9.608645159118927,9.608645159118927,7.753218857624054,5.704987273184828,5.704987273184828,3.7137284213082977,3.7137284213082977,2.355010921015253,2.355010921015253,1.4177081441849055,1.4177081441849055,-1.5099999999999998,4150.448702533378,12.559013112491373,6.879505266588667,3.927521570712278,96.0552990020199,9.843390348640755,11.3129633249809,0.0,0.0,0.0,5.969305287951849,0.0,4.794537184071822,0.0,0.0,38.31893620539187,18.55355575984923,0.0,6.606881964512918,14.637927532712576,5.969305287951849,0.0,0.0,0.0,32.60702369139466,6.606881964512918,29.828919765543436,0.0,5.749511833283905,0.0,0.0,5.749511833283905,0.0,17.682714647305474,4.736862953800049,0.0,42.965012367163474,24.26546827384644,0.0,0.0,0.0,46.53,5.969305287951849,9.901064578912528,0.0,11.3129633249809,6.606881964512918,25.683286491704038,6.06636706846161,18.19910120538483,0.0,6.923737199690624,4.736862953800049,5.0565381708238855,0.0,11.515975607835728,9.420855234081696,0.23425141198454735,-0.47624383240950663,6.414825101145447,4.2770680604401745,2.5567302460980312,0.0,0.46153846153846156,16,1,3,0,0,0,0,1,0,1,0,0,3,1,3,0,6,0,0,0,0,0,5.399987303158783,1,3.1293000000000015,62.531300000000044,0,0,0,0,0,0,0,1,0,0,1,1,0,0,0,0,0,0,0,0,0,0,0,0,0,0,0,0,0,0,0,0,0,0,1,0,0,0,0,0,1,1,0,0,0,0,0,0,0,0,0,0,0,0,0,0,0,0,0,0,0,0,0,0,1,1,1,0,0,0,0,0,0,0,0,0,0,0,0,0,0,0,0,3,0
alpha-Terpineol,CC1=CCC(C(C)(C)O)CC1,0,9.699410430839002,9.699410430839002,0.46407407407407386,-0.48888888888888893,0.5752598158037694,26.545454545454547,154.25300000000001,136.10899999999998,154.135765196,64,0,0.062237883688637315,-0.39017057506874137,0.39017057506874137,0.062237883688637315,1.5454545454545454,2.1818181818181817,2.5454545454545454,16.28224169468323,9.798064173666628,2.2651776720502177,-2.308198510914975,2.306376429350986,-2.3112121197805733,5.044534427369524,0.012629798830313762,1.8607638717481272,2.5385757360885064,162.20181564730422,8.483127663125442,7.723234477438853,7.723234477438853,4.999018565639891,4.379255328924468,4.379255328924468,4.1754409452641195,4.1754409452641195,2.6370382534784533,2.6370382534784533,1.606890066769028,1.606890066769028,-0.3,230.73472009676777,8.793457943925233,2.9785914235871633,2.3332102722219963,69.12252962388156,5.106527394840706,0.0,0.0,0.0,0.0,0.0,0.0,0.0,0.0,0.0,11.64912463690315,45.95158251401129,0.0,5.601050810983688,5.106527394840706,0.0,0.0,0.0,5.917906046161393,45.63472727883358,0.0,11.64912463690315,0.0,0.0,0.0,0.0,0.0,0.0,10.707578205824394,0.0,5.917906046161393,40.0336764678499,11.64912463690315,0.0,0.0,0.0,20.23,5.601050810983688,5.106527394840706,0.0,0.0,5.917906046161393,19.26246486877803,5.573104530069267,0.0,13.847474399381248,12.999757306524504,0.0,0.0,0.0,0.0,9.699410430839002,0.988425925925926,0.46407407407407386,0.0,5.6130555555555555,5.985034013605443,0.0,0.8,11,1,1,1,0,1,0,0,0,0,1,0,1,1,1,0,1,0,0,0,0,1,2.3811016741318283,1,2.5037000000000007,47.39580000000002,0,1,0,0,0,0,0,0,0,0,0,0,0,0,0,0,0,0,0,0,0,0,0,0,0,0,2,0,0,0,0,0,0,0,0,0,0,0,0,0,0,0,0,0,0,0,0,0,0,0,0,0,0,0,0,0,0,0,0,0,0,0,0,0,0,0,0,0,0,0,0,0,0,0,0,0,0,0,0,0,0,0,0,0,0
Methyl laurate,CCCCCCCCCCCC(=O)OC,0,10.796679532353753,10.796679532353753,0.07134648618910844,-0.07134648618910844,0.4043854520805286,10.266666666666667,214.34899999999996,188.14099999999996,214.193280072,90,0,0.3050018388563536,-0.4689954278205915,0.4689954278205915,0.3050018388563536,0.8666666666666667,1.3333333333333333,1.8,16.522944668562765,10.066991689251154,1.9823585281365927,-2.009736764548248,2.0996813289451164,-1.9852126110691541,5.684584679440196,-0.14024987165429595,2.2622509420370793,2.954539891476961,143.47137920080513,11.355524862241651,10.387564392793204,10.387564392793204,7.308060412490448,6.377156752707547,6.377156752707547,4.154559737906267,4.154559737906267,2.712125131752582,2.712125131752582,1.6820598116931929,1.6820598116931929,-0.53,2031.5013459492973,14.47,11.544239049740165,11.396238369038379,94.39362373013951,4.736862953800049,0.0,0.0,0.0,0.0,5.969305287951849,4.794537184071822,0.0,0.0,0.0,58.29031018309871,6.4208216229260096,6.4208216229260096,7.109797541277533,9.53140013787187,5.969305287951849,0.0,0.0,0.0,71.13195342895074,7.109797541277533,0.0,0.0,0.0,0.0,0.0,0.0,0.0,13.079102829229383,9.53140013787187,0.0,71.13195342895074,0.0,0.0,0.0,0.0,26.3,0.0,4.794537184071822,0.0,5.969305287951849,6.4208216229260096,6.4208216229260096,58.47637052468562,0.0,0.0,11.660600153490673,0.0,4.58327346093122,0.0,10.796679532353753,0.0,0.0,-0.07134648618910844,0.0,12.160762405655706,2.2428693733415055,1.4544283805735896,0.9230769230769231,15,0,2,0,0,0,0,0,0,0,0,0,2,0,2,0,10,0,0,0,0,0,11.136342603316013,0,4.080300000000003,63.860000000000056,0,0,0,0,0,0,0,0,0,0,1,1,0,0,0,0,0,0,0,0,0,0,0,0,0,0,0,0,0,0,0,0,0,0,0,0,0,0,0,0,1,1,0,0,0,0,0,0,0,0,0,0,0,0,0,1,0,0,0,0,0,0,0,0,0,0,0,0,0,0,0,0,0,0,0,0,0,0,0,0,0,0,0,8,0
Dodecanol,CCCCCCCCCCCCO,0,8.566063511947316,8.566063511947316,0.3715277777777777,0.3715277777777777,0.5129821812363801,10.615384615384615,186.33899999999997,160.13099999999997,186.198365452,80,0,0.043052407228889096,-0.39637656934228244,0.39637656934228244,0.043052407228889096,0.6153846153846154,1.0,1.3846153846153846,16.249927477955328,10.068325566540919,1.906847569022382,-2.001282761980743,2.0944957020580746,-1.8381005645724204,4.461354260921017,0.28198991162501685,2.155710272483118,2.7581498184332935,71.19366193720087,9.778174593052025,9.225388188551984,9.225388188551984,6.414213562373096,6.023334547203385,6.023334547203385,3.905587313089441,3.905587313089441,2.5116672736016925,2.5116672736016925,1.5992402659514466,1.5992402659514466,-0.04,812.7027727261354,12.960000000000003,11.96,11.960000000000003,83.54784803838828,5.106527394840706,0.0,0.0,0.0,0.0,0.0,0.0,0.0,0.0,0.0,64.71113180602472,6.4208216229260096,6.606881964512918,0.0,5.106527394840706,0.0,0.0,0.0,0.0,71.13195342895074,6.606881964512918,0.0,0.0,0.0,0.0,0.0,0.0,0.0,11.713409359353623,0.0,0.0,71.13195342895074,0.0,0.0,0.0,0.0,20.23,0.0,0.0,0.0,0.0,6.606881964512918,6.4208216229260096,57.787394606334104,0.0,0.0,6.923737199690624,5.106527394840706,0.0,0.0,0.0,8.566063511947316,0.0,0.0,0.0,13.30358903011771,2.6303474579349744,0.0,1.0,13,1,1,0,0,0,0,0,0,0,0,0,1,1,1,0,10,0,0,0,0,0,11.923200000000005,0,3.8996000000000035,58.92980000000006,0,1,1,0,0,0,0,0,0,0,0,0,0,0,0,0,0,0,0,0,0,0,0,0,0,0,0,0,0,0,0,0,0,0,0,0,0,0,0,0,0,0,0,0,0,0,0,0,0,0,0,0,0,0,0,0,0,0,0,0,0,0,0,0,0,0,0,0,0,0,0,0,0,0,0,0,0,0,0,0,0,0,0,9,0
Tetradecanoic acid,CCCCCCCCCCCCCC(=O)O,0,10.25964378116965,10.25964378116965,0.3442636423405654,-0.6565517139080728,0.4883505038704482,10.5625,228.37599999999995,200.15199999999996,228.208930136,96,0,0.30283955653218375,-0.481230389785217,0.481230389785217,0.30283955653218375,0.75,1.125,1.5,16.365127478479607,10.053798917054358,1.960598042404496,-2.0112185061810566,2.111725393470949,-1.929394030827276,5.660153252387824,-0.13665229556006656,2.2532859652215627,2.904707557588277,154.8143311431168,12.0626316434282,10.840743260202395,10.840743260202395,7.770055610029663,6.988391114761732,6.988391114761732,4.679272449156088,4.679272449156088,2.994195557380866,2.994195557380866,1.9404392875260068,1.9404392875260068,-0.53,3073.4820565622113,15.47,12.539108500345543,13.47,100.43925436722527,5.106527394840706,0.0,0.0,0.0,0.0,5.969305287951849,4.794537184071822,0.0,0.0,0.0,71.13195342895074,6.4208216229260096,6.4208216229260096,0.0,9.901064578912528,5.969305287951849,0.0,0.0,0.0,83.97359667480276,0.0,0.0,0.0,0.0,0.0,0.0,0.0,0.0,11.075832682792555,4.794537184071822,0.0,83.97359667480276,0.0,0.0,0.0,0.0,37.3,5.969305287951849,4.794537184071822,0.0,0.0,6.4208216229260096,12.841643245852019,57.787394606334104,0.0,0.0,6.923737199690624,5.106527394840706,0.0,0.0,10.25964378116965,8.456981275502441,0.0,-0.6565517139080728,0.0,14.35944574453843,2.247147579364217,0.0,0.9285714285714286,16,1,2,0,0,0,0,0,0,0,0,0,1,1,2,0,12,0,0,0,0,0,12.123750531271599,0,4.772100000000004,68.71380000000006,1,0,0,0,0,0,0,0,1,1,1,0,0,0,0,0,0,0,0,0,0,0,0,0,0,0,0,0,0,0,0,0,0,0,0,0,0,0,0,0,0,0,0,0,0,0,0,0,0,0,0,0,0,0,0,0,0,0,0,0,0,0,0,0,0,0,0,0,0,0,0,0,0,0,0,0,0,0,0,0,0,0,0,10,0
n-Pentanol,CCCCCO,0,8.19736111111111,8.19736111111111,0.355,0.355,0.513281356352027,9.0,88.14999999999999,76.05399999999999,88.088815004,38,0,0.04305223345357219,-0.3963765707960063,0.3963765707960063,0.04305223345357219,1.3333333333333333,2.0,2.1666666666666665,16.249920993384958,10.263374251449198,1.7585175569461067,-1.854824490829793,1.8886357691457698,-1.7805579678492776,4.304159999369914,0.2838073227136418,1.6143308351592656,2.3390923149762908,15.900134529890124,4.82842712474619,4.275640720246148,4.275640720246148,2.914213562373095,2.5233345472033855,2.5233345472033855,1.4307135789365262,1.4307135789365262,0.7616672736016925,0.7616672736016925,0.36180339887498936,0.36180339887498936,-0.04,20.986300857070454,5.959999999999999,4.960000000000001,3.9600000000000004,38.99325323761199,5.106527394840706,0.0,0.0,0.0,0.0,0.0,0.0,0.0,0.0,0.0,19.765380445542643,6.4208216229260096,6.606881964512918,0.0,5.106527394840706,0.0,0.0,0.0,0.0,26.186202068468653,6.606881964512918,0.0,0.0,0.0,0.0,0.0,0.0,0.0,11.713409359353623,0.0,0.0,26.186202068468653,0.0,0.0,0.0,0.0,20.23,0.0,0.0,0.0,0.0,6.606881964512918,12.841643245852019,6.4208216229260096,0.0,0.0,6.923737199690624,5.106527394840706,0.0,0.0,0.0,8.19736111111111,0.0,0.0,0.0,3.3269444444444445,2.475694444444444,0.0,1.0,6,1,1,0,0,0,0,0,0,0,0,0,1,1,1,0,3,0,0,0,0,0,4.926933333333333,0,1.1689,26.61079999999999,0,1,1,0,0,0,0,0,0,0,0,0,0,0,0,0,0,0,0,0,0,0,0,0,0,0,0,0,0,0,0,0,0,0,0,0,0,0,0,0,0,0,0,0,0,0,0,0,0,0,0,0,0,0,0,0,0,0,0,0,0,0,0,0,0,0,0,0,0,0,0,0,0,0,0,0,0,0,0,0,0,0,0,2,0
Isopropanol,CC(C)O,0,8.055555555555555,8.055555555555555,0.16666666666666674,-0.16666666666666674,0.42840479403162834,9.0,60.096000000000004,52.032000000000004,60.057514876,26,0,0.04834761180869219,-0.3937069016405105,0.3937069016405105,0.04834761180869219,1.5,1.5,1.5,16.26364309024246,10.503601865317728,1.6882269952162394,-1.7983014802258805,1.64578110289585,-1.848436775374454,4.204004313602449,0.21562482738807573,0.8112781244591328,2.3237900077244498,8.0,3.5773502691896257,3.0245638646895836,3.0245638646895836,1.7320508075688772,1.412899428126413,1.412899428126413,1.0937480486839481,1.0937480486839481,0.0,0.0,0.0,0.0,-0.04,3.2451124978365313,3.9600000000000004,1.297837837837838,1128.9599999999998,26.263369008818774,5.106527394840706,0.0,0.0,0.0,0.0,0.0,0.0,0.0,0.0,0.0,0.0,13.847474399381248,6.103966387748303,0.0,5.106527394840706,0.0,0.0,0.0,0.0,19.95144078712955,0.0,0.0,0.0,0.0,0.0,0.0,0.0,0.0,11.210493782589008,0.0,0.0,13.847474399381248,0.0,0.0,0.0,0.0,20.23,0.0,0.0,0.0,6.103966387748303,0.0,0.0,0.0,13.847474399381248,0.0,0.0,5.106527394840706,0.0,0.0,0.0,8.055555555555555,0.0,0.0,0.0,-0.16666666666666674,3.4444444444444446,0.0,1.0,4,1,1,0,0,0,0,0,0,0,0,0,1,1,1,0,0,0,0,0,0,0,1.2848594594594596,0,0.38710000000000006,17.354800000000004,0,1,1,0,0,0,0,0,0,0,0,0,0,0,0,0,0,0,0,0,0,0,0,0,0,0,0,0,0,0,0,0,0,0,0,0,0,0,0,0,0,0,0,0,0,0,0,0,0,0,0,0,0,0,0,0,0,0,0,0,0,0,0,0,0,0,0,0,0,0,0,0,0,0,0,0,0,0,0,0,0,0,0,0,0
Lactic acid,CC(O)C(=O)O,1,9.449074074074074,9.449074074074074,1.185185185185185,-1.231481481481482,0.45393595064720316,13.666666666666666,90.07799999999999,84.02999999999999,90.031694052,36,0,0.3317230795714236,-0.4793355989963274,0.4793355989963274,0.3317230795714236,1.8333333333333333,2.0,2.0,16.39873526009665,10.433967204080325,2.0098075135364684,-1.8854873463348742,1.7291923204449289,-2.130994800713713,5.706957285736959,-0.1450575584222451,1.3609640474436813,3.2575861612334887,57.058650025961626,5.1547005383792515,3.3800257506534046,3.3800257506534046,2.6427344100918364,1.5519552365135103,1.5519552365135103,1.014211137204421,1.014211137204421,0.3573902296597741,0.3573902296597741,0.0,0.0,-0.5700000000000001,13.609640474436812,5.43,1.7676338396942162,1.7215451895043727,35.21912486105855,10.213054789681411,6.103966387748303,0.0,0.0,0.0,5.969305287951849,0.0,4.794537184071822,0.0,0.0,0.0,6.923737199690624,0.0,0.0,15.007591973753232,5.969305287951849,0.0,0.0,0.0,13.027703587438927,0.0,0.0,0.0,0.0,0.0,0.0,0.0,0.0,22.286326465381563,4.794537184071822,0.0,6.923737199690624,0.0,0.0,0.0,0.0,57.53,12.073271675700152,4.794537184071822,0.0,0.0,0.0,0.0,6.923737199690624,0.0,0.0,0.0,10.213054789681411,0.0,0.0,9.449074074074074,15.770833333333332,0.0,-1.185185185185185,0.0,-1.231481481481482,1.1967592592592593,0.0,0.6666666666666666,6,2,3,0,0,0,0,0,0,0,1,0,2,2,3,0,1,0,0,0,0,1,1.5997086249232655,0,-0.5482,19.3166,1,1,1,0,0,0,0,0,1,1,1,0,0,0,0,0,0,0,0,0,0,0,0,0,0,0,0,0,0,0,0,0,0,0,0,0,0,0,0,0,0,0,0,0,0,0,0,0,0,0,0,0,0,0,0,0,0,0,0,0,0,0,0,0,0,0,0,0,0,0,0,0,0,0,0,0,0,0,0,0,0,0,0,0,0
1-Naphthalene acetic acid,O=C(O)Cc1cccc2ccccc12,0,10.61239559712774,10.61239559712774,0.08467592592592554,-0.7904138321995455,0.7817752108880086,10.285714285714286,186.21,176.12999999999997,186.06807956,70,0,0.30733778358124386,-0.48098590633685534,0.48098590633685534,0.30733778358124386,1.0714285714285714,1.7857142857142858,2.5714285714285716,16.36516410213657,10.025061989236695,2.032491054214042,-2.024367032153563,2.180765263842715,-1.9974144939897707,5.880794864412398,-0.13570412484359598,2.175248503006303,2.58753091711869,469.210353193355,9.966255326250886,7.604020551477751,7.604020551477751,6.770856947829096,4.456204929214377,4.456204929214377,3.208787518058551,3.208787518058551,2.2216120937927526,2.2216120937927526,1.6095642506924672,1.6095642506924672,-1.8299999999999996,1975.1256407297233,8.754379606904395,3.4993326132542006,1.5929698524109852,81.79870773226517,5.106527394840706,0.0,0.0,0.0,0.0,5.969305287951849,4.794537184071822,0.0,0.0,0.0,42.46456947923127,16.335899920626588,0.0,6.4208216229260096,9.901064578912528,16.74175371688144,0.0,0.0,0.0,6.4208216229260096,0.0,48.02802097092827,0.0,0.0,0.0,0.0,0.0,0.0,11.075832682792555,11.21535880699783,0.0,5.563451491696996,42.46456947923127,0.0,10.772448428929591,0.0,37.3,5.969305287951849,4.794537184071822,0.0,6.4208216229260096,0.0,16.335899920626588,0.0,0.0,42.46456947923127,0.0,5.106527394840706,0.0,0.0,10.61239559712774,10.840870181405897,0.8709259259259261,-0.7904138321995455,13.548212868480723,0.08467592592592554,0.0,0.0,0.08333333333333333,14,1,2,0,0,0,0,2,0,2,0,0,1,1,2,0,2,0,0,0,0,0,2.188177576232003,2,2.4669000000000008,55.28780000000003,1,0,0,0,0,0,0,0,1,1,1,0,0,0,0,0,0,0,0,0,0,0,0,0,0,0,0,0,0,0,0,0,0,0,2,0,1,0,0,0,0,0,0,0,0,0,0,0,0,0,0,0,0,0,0,0,0,0,0,0,0,0,0,0,0,0,0,0,0,0,0,0,0,0,0,0,0,0,0,0,0,0,0,0,0
Propylene glycol tertiary butyl ether,CC(O)COC(C)(C)C,0,8.790694444444444,8.790694444444444,0.12798611111111113,-0.35719907407407425,0.6110606270494343,15.666666666666666,132.203,116.07499999999997,132.115029752,56,0,0.07454229490462537,-0.39101847486966,0.39101847486966,0.07454229490462537,1.4444444444444444,1.8888888888888888,2.0,16.50788847411377,10.172255342496157,2.098446427636953,-2.19732616886678,2.058111274839885,-2.2390736972994483,4.5887729112672195,-0.0436114736135863,1.5938548967005406,3.2807108400137506,71.4755611642712,7.49156383156272,6.639918936339994,6.639918936339994,3.9165022194363885,3.2365967292273945,3.2365967292273945,3.2723980357059474,3.2723980357059474,0.7575483011422123,0.7575483011422123,0.37060113295832986,0.37060113295832986,-0.08,51.0033566944173,8.92,3.180475787948315,7.920000000000001,56.83668269591208,9.843390348640755,0.0,0.0,0.0,0.0,0.0,0.0,0.0,0.0,0.0,0.0,27.694948798762496,0.0,18.31189916324491,9.843390348640755,0.0,0.0,0.0,0.0,39.39996599749449,6.606881964512918,0.0,0.0,0.0,0.0,0.0,0.0,0.0,23.418426558085613,4.736862953800049,0.0,27.694948798762496,0.0,0.0,0.0,0.0,29.46,0.0,0.0,0.0,11.70501719873199,6.606881964512918,0.0,0.0,6.923737199690624,20.771211599071872,0.0,9.843390348640755,5.240740740740741,0.0,0.0,8.790694444444444,-0.12798611111111113,0.0,0.0,-0.35719907407407425,8.037083333333333,0.0,1.0,9,1,2,0,0,0,0,0,0,0,1,0,2,1,2,0,2,0,0,0,0,1,3.1522048920554413,0,1.1823000000000001,37.3858,0,1,1,0,0,0,0,0,0,0,0,0,0,0,0,0,0,0,0,0,0,0,0,0,0,0,0,0,0,0,0,0,0,0,0,0,0,0,0,0,0,1,0,0,0,0,0,0,0,0,0,0,0,0,0,0,0,0,0,0,0,0,0,0,0,0,0,0,0,0,0,0,0,0,0,0,0,0,0,0,0,0,0,0,0
Butyl benzoate,CCCCOC(=O)c1ccccc1,0,11.297272297808012,11.297272297808012,0.22773148148148126,-0.22773148148148126,0.5230228241779536,9.615384615384615,178.231,164.11899999999997,178.099379688,70,0,0.33761721871256933,-0.46209730073266087,0.46209730073266087,0.33761721871256933,1.3076923076923077,2.0,2.6153846153846154,16.532658165861232,10.209542694088253,2.034199818599988,-2.020515886516804,2.010998732980594,-2.0516778546239247,5.887208811375768,0.04995281305794983,2.1936618286732807,2.404796656306514,254.05260581186823,9.518661569058182,7.824568270435499,7.824568270435499,6.342535255101096,4.564713808768183,4.564713808768183,2.855497985472316,2.855497985472316,1.7405387079983838,1.7405387079983838,0.966773003294721,0.966773003294721,-1.31,1061.732325077868,9.775543199315653,5.355726156931021,3.2792261677717693,78.53118102103066,4.736862953800049,0.0,0.0,0.0,0.0,5.969305287951849,0.0,4.794537184071822,0.0,0.0,31.54366002800146,18.55355575984923,0.0,12.170333456209914,9.53140013787187,5.969305287951849,0.0,0.0,0.0,19.765380445542643,6.606881964512918,35.89528683400505,0.0,0.0,0.0,0.0,0.0,0.0,12.576187252464766,4.736862953800049,0.0,30.12336912131146,30.33183534230805,0.0,0.0,0.0,26.3,0.0,4.794537184071822,0.0,5.969305287951849,12.170333456209914,12.841643245852019,0.0,12.13273413692322,18.19910120538483,6.923737199690624,4.736862953800049,5.029537037037037,0.0,11.297272297808012,0.0,0.623706538170824,-0.22773148148148126,9.053778895817587,1.972860371000252,2.5839096749811037,0.0,0.36363636363636365,13,0,2,0,0,0,0,1,0,1,0,0,2,0,2,0,4,0,0,0,0,0,4.027317877752615,1,2.6435000000000013,51.632500000000036,0,0,0,0,0,0,0,0,0,0,1,1,0,0,0,0,0,0,0,0,0,0,0,0,0,0,0,0,0,0,0,0,0,0,1,0,0,0,0,0,1,1,0,0,0,0,0,0,0,0,0,0,0,0,0,0,0,0,0,0,0,0,0,0,0,0,0,0,0,0,0,0,0,0,0,0,0,0,0,0,0,0,0,1,0
"2-Isopropyl-2-isobutyl-1,3-dime- thoxypropane",COCC(COC)(CC(C)C)C(C)C,1,5.342083333333334,5.342083333333334,0.1782407407407407,0.1782407407407407,0.6316553810396458,12.857142857142858,202.338,176.12999999999997,202.193280072,86,0,0.05427902077516878,-0.38401090447308195,0.38401090447308195,0.05427902077516878,0.9285714285714286,1.3571428571428572,1.5714285714285714,16.47797666033167,9.725548056035738,2.3408290419040236,-2.3749127442170614,2.3483567798639515,-2.378534529111586,4.828914760880269,-0.033552294431326166,2.028870025289837,4.549291798880541,135.25715550266412,11.19023444431199,10.59251746286662,10.59251746286662,6.481198235970096,5.460831523714353,5.460831523714353,4.981069373208769,4.981069373208769,2.903109518373366,2.903109518373366,2.1165208773089446,2.1165208773089446,-0.08,748.6530393319498,13.92,6.412307004454279,3.9708114728086206,88.98070474520598,9.473725907600098,0.0,0.0,0.0,0.0,0.0,0.0,0.0,0.0,0.0,27.694948798762496,18.256633715248796,19.634585551951847,13.213763929025836,9.473725907600098,0.0,0.0,0.0,17.250802561719567,34.11577042168851,27.433359011580905,0.0,0.0,0.0,0.0,0.0,0.0,0.0,27.433359011580905,9.473725907600098,17.250802561719567,34.11577042168851,0.0,0.0,0.0,0.0,18.46,0.0,0.0,0.0,5.41499046939678,11.835812092322787,19.634585551951844,0.0,14.219595082555067,0.0,27.694948798762496,9.473725907600098,10.684166666666666,0.0,0.0,0.0,0.1782407407407407,1.270833333333333,0.0,1.1590740740740741,10.582453703703703,3.541898148148148,1.0,14,0,2,0,0,0,0,0,0,0,0,0,2,0,2,0,7,0,0,0,0,0,6.375665250143112,0,2.9677000000000016,60.47800000000006,0,0,0,0,0,0,0,0,0,0,0,0,0,0,0,0,0,0,0,0,0,0,0,0,0,0,0,0,0,0,0,0,0,0,0,0,0,0,0,0,0,2,0,0,0,0,0,0,0,0,0,0,0,0,0,2,0,0,0,0,0,0,0,0,0,0,0,0,0,0,0,0,0,0,0,0,0,0,0,0,0,0,0,0,0
1-(Spiro[4.5]dec-7-en-7-yl)pent-4- en-1-one (mixture of isomers),C=CCCC(=O)C1=CCCC2(CCCC2)C1,0,11.98097127739985,11.98097127739985,0.3665509259259261,0.3665509259259261,0.6464777835200826,23.125,218.3399999999999,196.16399999999996,218.167065324,88,0,0.15837112272843004,-0.2945570107743528,0.2945570107743528,0.15837112272843004,1.375,2.125,2.8125,16.13820686546995,9.715840855916774,2.3629571885016962,-2.3259181230721193,2.4865946090276094,-2.225714233212966,5.951335092849386,-0.11560247989080939,2.7389117338129907,1.9738877339067478,305.39664106587225,11.432875131431278,10.134016640708593,10.134016640708593,7.756748817474191,6.588864494777977,6.588864494777977,5.402447768535539,5.402447768535539,4.228749049544327,4.228749049544327,3.275059430101329,3.275059430101329,-0.8500000000000001,6715.811571309453,11.63001993693029,4.987242482764244,2.4497485558524654,98.61909435799888,0.0,0.0,5.783244946364939,0.0,0.0,0.0,4.794537184071822,0.0,0.0,6.578935683598497,24.993683459519783,49.51302473702211,6.4208216229260096,0.0,4.794537184071822,5.783244946364939,0.0,0.0,5.41499046939678,57.787394606334104,0.0,24.304080427335528,0.0,0.0,0.0,0.0,0.0,0.0,5.783244946364939,4.794537184071822,5.41499046939678,57.787394606334104,24.304080427335528,0.0,0.0,0.0,17.07,0.0,4.794537184071822,0.0,0.0,17.61905703868773,24.835569398847294,32.10410811463005,0.0,6.076020106833881,12.654955790432378,0.0,0.0,0.0,11.98097127739985,0.0,1.62822975718065,0.3665509259259261,0.0,14.430548233182162,3.6770331396447467,0.0,0.6666666666666666,16,0,1,2,0,2,0,0,0,0,0,0,1,0,1,0,4,1,0,1,1,0,3.6251080940533673,2,4.192400000000004,67.27300000000004,0,0,0,0,0,0,0,0,0,0,1,1,0,0,0,0,0,0,0,0,0,0,0,0,0,0,3,0,0,0,0,0,0,0,0,0,0,0,0,0,0,0,0,0,0,0,0,0,0,0,0,1,1,0,0,0,0,0,0,0,0,0,0,0,0,0,0,0,0,0,0,0,0,0,0,0,0,0,0,0,0,0,0,0,0
"3,4-Dimethyl-1H-pyrazole",Cc1c[nH]nc1C,1,3.8912037037037037,3.8912037037037037,1.0833333333333335,1.0833333333333335,0.5130127570533983,9.428571428571429,96.133,88.06899999999999,96.06874825599999,38,0,0.061978723947684514,-0.2852096622988548,0.2852096622988548,0.061978723947684514,1.5714285714285714,2.2857142857142856,2.4285714285714284,15.099088232627324,10.306694380912255,1.8747454476185332,-1.7640200242889306,1.9592304733528634,-1.7008744678182275,5.100584201715412,1.0449480418324502,1.9053999311004344,3.1179126764301257,138.36869300355525,5.276020881938894,4.524563864689584,4.524563864689584,3.304530452640311,2.2745638646895836,2.2745638646895836,1.6536633095631643,1.6536633095631643,1.0840015827413607,1.0840015827413607,0.4185442340517542,0.4185442340517542,-0.79,49.54039820861129,4.371030595813205,1.3699843332972323,0.6328904285456609,42.558549318655714,0.0,0.0,0.0,0.0,0.0,0.0,5.098681808301038,0.0,5.098681808301038,0.0,0.0,19.410925891078243,6.196843571613076,5.693927994848461,0.0,0.0,0.0,10.197363616602075,0.0,13.847474399381248,0.0,17.454223058158533,0.0,0.0,0.0,0.0,0.0,0.0,10.197363616602075,0.0,13.847474399381248,11.257379486545457,6.196843571613076,0.0,0.0,0.0,28.68,0.0,0.0,0.0,0.0,0.0,5.693927994848461,5.563451491696996,0.0,20.044317970994324,10.197363616602075,0.0,0.0,0.0,0.0,6.638888888888889,2.305555555555556,0.0,0.0,1.8842592592592593,4.00462962962963,0.0,0.4,7,1,2,0,0,0,0,0,1,1,0,0,1,1,2,1,0,0,0,0,0,0,0.8554633480895655,1,1.0265399999999998,28.06169999999999,0,0,0,0,0,2,1,0,0,0,0,0,0,0,0,1,1,0,0,0,0,1,0,0,0,0,0,0,0,0,2,0,0,0,0,0,0,0,0,0,0,0,0,0,0,0,0,0,0,0,0,0,0,0,0,0,0,0,0,0,0,0,0,0,0,0,0,0,0,0,0,0,0,0,0,0,0,0,0,0,0,0,0,0,0
Triethanolamine,OCCN(CCO)CCO,0,8.485,8.485,0.06944444444444442,0.06944444444444442,0.41953035836043395,10.8,149.19,134.07,149.10519334,62,0,0.05580092448598239,-0.39504454192636634,0.39504454192636634,0.05580092448598239,0.7,1.0,1.2,16.259165006852175,10.447163543631271,1.9968480422880777,-2.173700745661018,1.8364370926340028,-2.318098885898542,4.535488988946127,0.13613993482762782,1.8962594154766206,3.2950821163049606,55.74860596185443,7.819990956308912,6.031495069119117,6.031495069119117,4.846065214951232,3.3973665961010275,3.3973665961010275,2.01246117974981,2.01246117974981,1.2486832980505134,1.2486832980505134,0.7596742653368967,0.7596742653368967,-0.16,153.59701265360627,9.839999999999998,6.953122171945702,4.69379087242276,60.706496526603985,15.319582184522117,0.0,0.0,0.0,0.0,0.0,4.899909730850478,0.0,0.0,0.0,0.0,0.0,19.634269217737724,19.820645893538753,15.319582184522117,0.0,0.0,4.899909730850478,0.0,0.0,39.45491511127648,0.0,0.0,0.0,0.0,0.0,0.0,0.0,59.674407026649064,0.0,0.0,0.0,0.0,0.0,0.0,0.0,63.93000000000001,0.0,0.0,0.0,19.820645893538753,19.634269217737724,0.0,0.0,4.899909730850478,0.0,0.0,15.319582184522117,0.0,0.0,1.7916666666666667,25.455,0.0,0.0,0.0,0.0,1.7533333333333336,0.0,1.0,10,3,4,0,0,0,0,0,0,0,0,0,4,3,4,0,6,0,0,0,0,0,6.8418722171945685,0,-1.734699999999999,37.6974,0,3,3,0,0,0,0,0,0,0,0,0,0,0,0,1,0,0,0,0,0,0,0,0,0,0,0,0,0,0,0,0,0,0,0,0,0,0,0,0,0,0,0,0,0,0,0,0,0,0,0,0,0,0,0,0,0,0,0,0,0,0,0,0,0,0,0,0,0,0,0,0,0,0,0,0,0,0,0,0,0,0,0,0,0
Decanoic acid,CCCCCCCCCC(=O)O,1,10.134489279910005,10.134489279910005,0.34104938271604945,-0.6633720448055762,0.5706831499634679,10.083333333333334,172.268,152.10799999999998,172.14632988,72,0,0.30283955653218375,-0.481230389785217,0.481230389785217,0.30283955653218375,1.0,1.5,2.0,16.36512247817597,10.088317202407996,1.951512413165639,-1.978905102300731,2.0737325198367698,-1.928646926387521,5.660142683411442,-0.13665133134107854,2.0243641446269387,2.86138733944056,110.40620687739316,9.234204518682008,8.012316135456203,8.012316135456203,5.770055610029663,4.988391114761732,4.988391114761732,3.2650588867829953,3.2650588867829953,1.9941955573808654,1.9941955573808654,1.2333325063394598,1.2333325063394598,-0.53,402.8484647807608,11.47,8.565510983763133,9.47,74.97948590963883,5.106527394840706,0.0,0.0,0.0,0.0,5.969305287951849,4.794537184071822,0.0,0.0,0.0,45.448666937246685,6.4208216229260096,6.4208216229260096,0.0,9.901064578912528,5.969305287951849,0.0,0.0,0.0,58.29031018309871,0.0,0.0,0.0,0.0,0.0,0.0,0.0,0.0,11.075832682792555,4.794537184071822,0.0,58.29031018309871,0.0,0.0,0.0,0.0,37.3,5.969305287951849,4.794537184071822,0.0,0.0,6.4208216229260096,12.841643245852019,32.10410811463005,0.0,0.0,6.923737199690624,5.106527394840706,0.0,0.0,10.134489279910005,8.354234863711325,0.0,-0.6633720448055762,0.0,8.642477534223566,2.1988370336273477,0.0,0.9,12,1,2,0,0,0,0,0,0,0,0,0,1,1,2,0,8,0,0,0,0,0,8.187200915313595,0,3.2117000000000013,50.245800000000024,1,0,0,0,0,0,0,0,1,1,1,0,0,0,0,0,0,0,0,0,0,0,0,0,0,0,0,0,0,0,0,0,0,0,0,0,0,0,0,0,0,0,0,0,0,0,0,0,0,0,0,0,0,0,0,0,0,0,0,0,0,0,0,0,0,0,0,0,0,0,0,0,0,0,0,0,0,0,0,0,0,0,0,6,0
Tetradecanol,CCCCCCCCCCCCCCO,0,8.60975905328022,8.60975905328022,0.37244897959183665,0.37244897959183665,0.4676414309457237,10.8,214.39299999999994,184.15299999999996,214.22966558000002,92,0,0.043052407228889096,-0.39637656934228244,0.39637656934228244,0.043052407228889096,0.5333333333333333,0.8666666666666667,1.2,16.249928982115453,10.054525829229869,1.919656717215767,-2.0132345629154127,2.1102704115155624,-1.8420701812880471,4.474668811763138,0.2819873327849143,2.2593895430561943,2.8079257388805243,89.51182269698973,11.192388155425121,10.63960175092508,10.63960175092508,7.414213562373096,7.023334547203385,7.023334547203385,4.612694094275989,4.612694094275989,3.0116672736016925,3.0116672736016925,1.9527936565447201,1.9527936565447201,-0.04,2230.017478996464,14.960000000000003,13.959999999999999,13.960000000000003,96.2777322671815,5.106527394840706,0.0,0.0,0.0,0.0,0.0,0.0,0.0,0.0,0.0,77.55277505187675,6.4208216229260096,6.606881964512918,0.0,5.106527394840706,0.0,0.0,0.0,0.0,83.97359667480276,6.606881964512918,0.0,0.0,0.0,0.0,0.0,0.0,0.0,11.713409359353623,0.0,0.0,83.97359667480276,0.0,0.0,0.0,0.0,20.23,0.0,0.0,0.0,0.0,6.606881964512918,6.4208216229260096,70.62903785218613,0.0,0.0,6.923737199690624,5.106527394840706,0.0,0.0,0.0,8.60975905328022,0.0,0.0,0.0,16.24757182540545,2.64266912131433,0.0,1.0,15,1,1,0,0,0,0,0,0,0,0,0,1,1,1,0,12,0,0,0,0,0,13.922773333333335,0,4.679800000000005,68.16380000000005,0,1,1,0,0,0,0,0,0,0,0,0,0,0,0,0,0,0,0,0,0,0,0,0,0,0,0,0,0,0,0,0,0,0,0,0,0,0,0,0,0,0,0,0,0,0,0,0,0,0,0,0,0,0,0,0,0,0,0,0,0,0,0,0,0,0,0,0,0,0,0,0,0,0,0,0,0,0,0,0,0,0,0,11,0
Ethylenediamine tetraacetic acid disodium salt,O=C([O-])CN(CCN(CC(=O)[O-])CC(=O)O)CC(=O)O,0,10.524584540606366,10.524584540606366,0.0,-1.4898742336440745,0.34644846522227263,9.727272727272727,336.2080000000001,322.09600000000006,336.05455396799994,114,0,1.0,-0.5487524756328146,1.0,0.5487524756328146,0.6818181818181818,0.9545454545454546,1.1363636363636365,,,,,,,,,2.2171767300907814,-1.8049992523503188e-06,325.12281476499345,15.706742302257043,12.480984811902298,16.4809848119023,9.201285058155639,5.483538625365671,5.483538625365671,3.9528039363365064,3.9528039363365064,2.1556024138916428,2.1556024138916428,1.4585964348716127,1.4585964348716127,-0.20000000000000023,10500.548993709941,26.685015844273426,14.395932490643316,16.175369822485205,170.1932200521888,30.015183947506465,0.0,0.0,0.0,0.0,71.05318264111958,19.388893829844598,0.0,0.0,0.0,0.0,0.0,26.1790256236503,25.028123387728847,98.71883038086602,23.877221151807397,0.0,9.799819461700956,0.0,0.0,39.26853843547545,0.0,0.0,0.0,69.32762685489729,0.0,0.0,0.0,83.15863383866522,19.178148736287287,0.0,0.0,0.0,0.0,0.0,0.0,161.34,50.056246775457694,29.3912035259687,0.0,72.20408487704103,0.0,9.799819461700956,0.0,0.0,0.0,0.0,10.213054789681411,0.0,0.0,43.892718358948514,38.039822793314855,0.0,-5.515052490131855,0.0,0.0,-2.750821995464852,0.0,0.6,22,2,10,0,0,0,0,0,0,0,0,0,8,2,12,0,11,0,0,0,0,0,17.46162211845034,0,-10.732600000000007,58.16560000000002,4,0,0,0,0,0,0,0,4,4,4,2,0,0,0,2,0,0,0,0,0,0,0,0,0,0,0,0,0,0,0,0,0,0,0,0,0,0,0,0,0,0,0,0,0,0,0,0,0,0,0,0,0,0,0,0,0,0,0,0,0,0,0,0,0,0,0,0,0,0,0,0,0,0,0,0,0,0,0,0,0,0,0,0,0
Isopropyl palmitate,CCCCCCCCCCCCCCCC(=O)OC(C)C,0,11.332595860898602,11.332595860898602,0.027289411469849645,-0.0341916657221315,0.25743571746145927,11.047619047619047,298.51099999999997,260.20699999999994,298.287180456,126,0,0.3055337242115604,-0.4629533082631881,0.4629533082631881,0.3055337242115604,0.7142857142857143,1.0952380952380953,1.4761904761904763,16.5415637621423,10.04448482420876,2.0381240551310285,-2.069844809308694,2.126770726369596,-2.102448692556837,5.688950982979019,-0.14701342900704498,2.4284795111611803,3.07185233719276,223.60624315754134,15.76130225617747,14.793341786729021,14.793341786729021,10.163902460147016,9.359311261018453,9.359311261018453,6.531255075225846,6.531255075225846,3.85160234728316,3.85160234728316,2.608921796894258,2.608921796894258,-0.53,32291.492059910215,20.47,15.851269764825574,17.418789488448905,132.58327641651917,4.736862953800049,0.0,0.0,0.0,0.0,5.969305287951849,4.794537184071822,0.0,0.0,0.0,83.97359667480276,20.268296022307258,6.4208216229260096,6.103966387748303,9.53140013787187,5.969305287951849,0.0,0.0,0.0,116.76668070778433,0.0,0.0,0.0,0.0,0.0,0.0,0.0,0.0,12.073271675700152,9.53140013787187,0.0,110.66271432003603,0.0,0.0,0.0,0.0,26.3,0.0,4.794537184071822,0.0,12.073271675700152,6.4208216229260096,6.4208216229260096,77.04985947511214,0.0,13.847474399381248,6.923737199690624,4.736862953800049,5.118327822753104,0.0,11.332595860898602,0.0,0.0,-0.0341916657221315,0.0,18.00323077696076,6.080037205109668,0.0,0.9473684210526315,21,0,2,0,0,0,0,0,0,0,0,0,2,0,2,0,15,0,0,0,0,0,15.451213908856165,0,6.419300000000007,91.54000000000008,0,0,0,0,0,0,0,0,0,0,1,1,0,0,0,0,0,0,0,0,0,0,0,0,0,0,0,0,0,0,0,0,0,0,0,0,0,0,0,0,1,1,0,0,0,0,0,0,0,0,0,0,0,0,0,0,0,0,0,0,0,0,0,0,0,0,0,0,0,0,0,0,0,0,0,0,0,0,0,0,0,0,0,12,0
1-Octanol,CCCCCCCCO,1,8.42278195074326,8.42278195074326,0.3671875,0.3671875,0.5470483699238978,10.0,130.23100000000002,112.08699999999997,130.135765196,56,0,0.04305240722887934,-0.3963765693422825,0.3963765693422825,0.04305240722887934,0.8888888888888888,1.4444444444444444,2.0,16.24992446165915,10.127401577099874,1.858126841561492,-1.952908261540892,2.030494638054405,-1.8210083240349728,4.4101918633492065,0.28209872716679824,1.88523483624215,2.595082706793886,37.832293921787276,6.949747468305834,6.396961063805792,6.396961063805792,4.414213562373095,4.023334547203385,4.023334547203385,2.491373750716347,2.491373750716347,1.5116672736016925,1.5116672736016925,0.8921334847648997,0.8921334847648997,-0.04,103.68791599331826,8.960000000000003,7.960000000000003,7.9600000000000035,58.08807958080182,5.106527394840706,0.0,0.0,0.0,0.0,0.0,0.0,0.0,0.0,0.0,39.02784531432067,6.4208216229260096,6.606881964512918,0.0,5.106527394840706,0.0,0.0,0.0,0.0,45.448666937246685,6.606881964512918,0.0,0.0,0.0,0.0,0.0,0.0,0.0,11.713409359353623,0.0,0.0,45.448666937246685,0.0,0.0,0.0,0.0,20.23,0.0,0.0,0.0,0.0,6.606881964512918,6.4208216229260096,32.10410811463005,0.0,0.0,6.923737199690624,5.106527394840706,0.0,0.0,0.0,8.42278195074326,0.0,0.0,0.0,7.495702239229025,2.5815158100277147,0.0,1.0,9,1,1,0,0,0,0,0,0,0,0,0,1,1,1,0,6,0,0,0,0,0,7.924622222222228,0,2.3392000000000013,40.461800000000004,0,1,1,0,0,0,0,0,0,0,0,0,0,0,0,0,0,0,0,0,0,0,0,0,0,0,0,0,0,0,0,0,0,0,0,0,0,0,0,0,0,0,0,0,0,0,0,0,0,0,0,0,0,0,0,0,0,0,0,0,0,0,0,0,0,0,0,0,0,0,0,0,0,0,0,0,0,0,0,0,0,0,0,5,0
1-Hexanol,CCCCCCO,1,8.292882653061223,8.292882653061223,0.36111111111111116,0.36111111111111116,0.5339278817039772,9.428571428571429,102.17699999999999,88.06499999999998,102.104465068,44,0,0.04305240583871402,-0.396376569347818,0.396376569347818,0.04305240583871402,1.1428571428571428,1.8571428571428572,2.2857142857142856,16.24992271074938,10.199338618479077,1.8042035443757636,-1.899002084825518,1.9548843059963394,-1.7998072712309119,4.352979366632653,0.282705155566582,1.690933805959686,2.447472887876344,23.360990398949916,5.535533905932738,4.982747501432696,4.982747501432696,3.414213562373095,3.0233345472033855,3.0233345472033855,1.7842669695298,1.7842669695298,1.0116672736016925,1.0116672736016925,0.5385800941716262,0.5385800941716262,-0.04,35.509609925153406,6.96,5.959999999999999,5.960000000000001,45.35819535200859,5.106527394840706,0.0,0.0,0.0,0.0,0.0,0.0,0.0,0.0,0.0,26.186202068468653,6.4208216229260096,6.606881964512918,0.0,5.106527394840706,0.0,0.0,0.0,0.0,32.60702369139466,6.606881964512918,0.0,0.0,0.0,0.0,0.0,0.0,0.0,11.713409359353623,0.0,0.0,32.60702369139466,0.0,0.0,0.0,0.0,20.23,0.0,0.0,0.0,0.0,6.606881964512918,6.4208216229260096,19.26246486877803,0.0,0.0,6.923737199690624,5.106527394840706,0.0,0.0,0.0,8.292882653061223,0.0,0.0,0.0,4.6819444444444445,2.5251729024943312,0.0,1.0,7,1,1,0,0,0,0,0,0,0,0,0,1,1,1,0,4,0,0,0,0,0,5.925942857142856,0,1.559,31.22779999999998,0,1,1,0,0,0,0,0,0,0,0,0,0,0,0,0,0,0,0,0,0,0,0,0,0,0,0,0,0,0,0,0,0,0,0,0,0,0,0,0,0,0,0,0,0,0,0,0,0,0,0,0,0,0,0,0,0,0,0,0,0,0,0,0,0,0,0,0,0,0,0,0,0,0,0,0,0,0,0,0,0,0,0,3,0
